{
    "1":{
      "level": 1,
      "word": "war",
      "file": "war.png"
    },
    "2":{
      "level": 2,
      "word": "wax",
      "file": "wax.png"
    },
    "3":{
      "level": 3,
      "word": "way",
      "file": "way.png"
    },
    "4":{
      "level": 4,
      "word": "wet",
      "file": "wet.png"
    },
    "5":{
      "level": 5,
      "word": "wig",
      "file": "wig.png"
    },
    "6":{
      "level": 6,
      "word": "wok",
      "file": "wok.png"
    },
    "7":{
      "level": 7,
      "word": "yak",
      "file": "yak.png"
    },
    "8":{
      "level": 8,
      "word": "zen",
      "file": "zen.png"
    },
    "9":{
      "level": 9,
      "word": "zip",
      "file": "zip.png"
    },
    "10":{
      "level": 10,
      "word": "van",
      "file": "van.png"
    },
    "11":{
      "level": 11,
      "word": "snap",
      "file": "snap.png"
    },
    "12":{
      "level": 12,
      "word": "tree",
      "file": "tree.png"
    },
    "13":{
      "level": 13,
      "word": "trip",
      "file": "trip.png"
    },
    "14":{
      "level": 14,
      "word": "tube",
      "file": "tube.png"
    },
    "15":{
      "level": 15,
      "word": "tuna",
      "file": "tuna.png"
    },
    "16":{
      "level": 16,
      "word": "tune",
      "file": "tune.png"
    },
    "17":{
      "level": 17,
      "word": "turn",
      "file": "turn.png"
    },
    "18":{
      "level": 18,
      "word": "twig",
      "file": "twig.png"
    },
    "19":{
      "level": 19,
      "word": "type",
      "file": "type.png"
    },
    "20":{
      "level": 20,
      "word": "unit",
      "file": "unit.png"
    },
    "21":{
      "level": 21,
      "word": "wreck",
      "file": "wreck.png"
    },
    "22":{
      "level": 22,
      "word": "write",
      "file": "write.png"
    },
    "23":{
      "level": 23,
      "word": "wrong",
      "file": "wrong.png"
    },
    "24":{
      "level": 24,
      "word": "yacht",
      "file": "yacht.png"
    },
    "25":{
      "level": 25,
      "word": "young",
      "file": "young.png"
    },
    "26":{
      "level": 26,
      "word": "zebra",
      "file": "zebra.png"
    },
    "27":{
      "level": 27,
      "word": "caress",
      "file": "caress.png"
    },
    "28":{
      "level": 28,
      "word": "athens",
      "file": "athens.png"
    },
    "29":{
      "level": 29,
      "word": "attach",
      "file": "attach.png"
    },
    "30":{
      "level": 30,
      "word": "bikini",
      "file": "bikini.png"
    },
    "31":{
      "level": 31,
      "word": "wizard",
      "file": "wizard.png"
    },
    "32":{
      "level": 32,
      "word": "woolly",
      "file": "woolly.png"
    },
    "33":{
      "level": 33,
      "word": "wrench",
      "file": "wrench.png"
    },
    "34":{
      "level": 34,
      "word": "writer",
      "file": "writer.png"
    },
    "35":{
      "level": 35,
      "word": "yellow",
      "file": "yellow.png"
    },
    "36":{
      "level": 36,
      "word": "zombie",
      "file": "zombie.png"
    },
    "37":{
      "level": 37,
      "word": "achieve",
      "file": "achieve.png"
    },
    "38":{
      "level": 38,
      "word": "wisdom",
      "file": "wisdom.png"
    },
    "39":{
      "level": 39,
      "word": "accident",
      "file": "accident.png"
    },
    "40":{
      "level": 40,
      "word": "accounts",
      "file": "accounts.png"
    },
    "41":{
      "level": 41,
      "word": "achiever",
      "file": "achiever.png"
    },
    "42":{
      "level": 42,
      "word": "activity",
      "file": "activity.png"
    },
    "43":{
      "level": 43,
      "word": "addition",
      "file": "addition.png"
    },
    "44":{
      "level": 44,
      "word": "airplane",
      "file": "airplane.png"
    },
    "45":{
      "level": 45,
      "word": "alliance",
      "file": "alliance.png"
    },
    "46":{
      "level": 46,
      "word": "wellness",
      "file": "wellness.png"
    },
    "47":{
      "level": 47,
      "word": "werewolf",
      "file": "werewolf.png"
    },
    "48":{
      "level": 48,
      "word": "withdraw",
      "file": "withdraw.png"
    },
    "49":{
      "level": 49,
      "word": "workshop",
      "file": "workshop.png"
    },
    "50":{
      "level": 50,
      "word": "zeppelin",
      "file": "zeppelin.png"
    }
  }